{"name":"4c7403eb-b940-4de8-88f5-233e247dde4f","id":"/providers/Microsoft.Flow/flows/4c7403eb-b940-4de8-88f5-233e247dde4f","type":"Microsoft.Flow/flows","properties":{"apiId":"/providers/Microsoft.PowerApps/apis/shared_logicflows","displayName":"PowerHour - Add or Remove user from SP Group","definition":{"metadata":{"workflowEntityId":null,"processAdvisorMetadata":null,"flowclientsuspensionreason":"None","flowclientsuspensiontime":null,"creator":{"id":"991126c0-478a-4497-a3b9-5372156ac58c","type":"User","tenantId":"72e2de0a-2a02-4bff-a67c-4dca172fd1f5"},"provisioningMethod":"FromDefinition","failureAlertSubscription":true,"clientLastModifiedTime":"2022-03-20T06:07:42.2435365Z"},"$schema":"https://schema.management.azure.com/providers/Microsoft.Logic/schemas/2016-06-01/workflowdefinition.json#","contentVersion":"1.0.0.0","parameters":{"$connections":{"defaultValue":{},"type":"Object"},"$authentication":{"defaultValue":{},"type":"SecureObject"}},"triggers":{"manual":{"metadata":{"operationMetadataId":"1d8df812-55da-4dee-90f7-dfeb7995f663"},"type":"Request","kind":"PowerAppV2","inputs":{"schema":{"type":"object","properties":{"text":{"title":"Emails","type":"string","x-ms-dynamically-added":true,"description":"Please enter your input","x-ms-content-hint":"TEXT"},"boolean":{"title":"Add","type":"boolean","x-ms-dynamically-added":true,"description":"Please select yes to Add or no Remove","x-ms-content-hint":"BOOLEAN"},"number":{"title":"GroupID","type":"number","x-ms-dynamically-added":true,"description":"Please enter the Group ID","x-ms-content-hint":"NUMBER"},"text_1":{"title":"Site","type":"string","x-ms-dynamically-added":true,"description":"Enter the SharePoint site URL","x-ms-content-hint":"TEXT"}},"required":["text","boolean","number","text_1"]}}}},"actions":{"ForEachUser":{"foreach":"@split(triggerBody()['text'],';')","actions":{"If_Action_is_to_Add_user_to_SP_Group":{"actions":{"Add_the_user_to_SP_Group":{"runAfter":{},"metadata":{"operationMetadataId":"31277d76-4cad-4348-bdd2-530ac7dca4d2"},"type":"OpenApiConnection","inputs":{"host":{"apiId":"/providers/Microsoft.PowerApps/apis/shared_sharepointonline","connectionName":"shared_sharepointonline","operationId":"HttpRequest"},"parameters":{"dataset":"@triggerBody()['text_1']","parameters/method":"POST","parameters/uri":"_api/web/SiteGroups(@{triggerBody()['number']})/users","parameters/headers":{"accept":"application/json;odata=verbose","content-type":"application/json;odata=verbose"},"parameters/body":"{\n\"__metadata\":{\"type\":\"SP.User\"},\n\"LoginName\":\"@{items('ForEachUser')}\"\n}"},"authentication":{"value":"@json(decodeBase64(triggerOutputs().headers['X-MS-APIM-Tokens']))['$ConnectionKey']","type":"Raw"}}}},"runAfter":{},"else":{"actions":{"Remove_the_user_from_SP_Group":{"runAfter":{},"metadata":{"operationMetadataId":"58250891-a136-4950-a078-424a47267860"},"type":"OpenApiConnection","inputs":{"host":{"apiId":"/providers/Microsoft.PowerApps/apis/shared_sharepointonline","connectionName":"shared_sharepointonline","operationId":"HttpRequest"},"parameters":{"dataset":"@triggerBody()['text_1']","parameters/method":"POST","parameters/uri":"_api/web/SiteGroups(@{triggerBody()['number']})/users/getbyemail('@{items('ForEachUser')}')","parameters/headers":{"accept":"application/json;odata=verbose","content-type":"application/json;odata=verbose","X-HTTP-Method":"DELETE"}},"authentication":{"value":"@json(decodeBase64(triggerOutputs().headers['X-MS-APIM-Tokens']))['$ConnectionKey']","type":"Raw"}}}}},"expression":{"equals":["@triggerBody()['boolean']","@true"]},"metadata":{"operationMetadataId":"6c25e551-3b3d-489e-b28e-82eec1413e57"},"type":"If"}},"runAfter":{},"metadata":{"operationMetadataId":"b73e3b0c-33e1-4a20-a58e-213c6da751d8"},"type":"Foreach"},"Respond_to_a_PowerApp_or_flow":{"runAfter":{"ForEachUser":["Succeeded"]},"metadata":{"operationMetadataId":"8c6fdf30-2b7e-4176-ae76-6c2b4e34f610"},"type":"Response","kind":"PowerApp","inputs":{"statusCode":200,"body":{},"schema":{"type":"object","properties":{}}}}}},"connectionReferences":{"shared_sharepointonline":{"connectionName":"shared-sharepointonl-0d04df3b-67d7-47aa-9fe5-a97e-02654f55","source":"Invoker","id":"/providers/Microsoft.PowerApps/apis/shared_sharepointonline","tier":"NotSpecified"}},"flowFailureAlertSubscribed":false}}